mes,Artistas solidarios,Un d√≠a en funcionamiento,Huellas del pasado,Encuentro de culturas,Sembrando futuro,Somos bilingues
2013-05,89,0,0,0,0,0
2013-06,0,0,0,0,0,0
2013-07,0,0,0,0,0,0
2013-08,0,0,0,0,0,0
2013-09,0,0,0,0,0,0
2013-10,0,0,0,0,0,0
2013-11,0,0,0,0,0,0
2013-12,0,0,0,0,0,0
2014-01,0,0,0,0,0,0
2014-02,0,0,0,0,0,0
2014-03,0,0,0,0,0,0
2014-04,0,0,0,0,0,0
2014-05,0,0,7,0,64,0
2014-06,0,0,0,0,0,0
2014-07,123,0,54,54,21,0
2014-08,54,54,0,39,48,54
2014-09,0,0,0,15,0,0
2014-10,0,0,0,0,0,0
2014-11,0,0,0,0,0,0
2014-12,0,0,0,0,0,0
2015-01,0,0,0,0,0,0
2015-02,0,0,0,0,0,0
2015-03,0,0,0,0,0,0
2015-04,0,0,0,0,0,0
2015-05,0,0,0,0,0,0
2015-06,0,0,0,0,0,0
2015-07,0,0,0,0,0,0
2015-08,0,0,0,0,0,0
2015-09,0,0,0,0,0,0
2015-10,0,0,0,0,0,0
2015-11,0,0,0,0,0,0
2015-12,0,0,0,0,0,0
2016-01,0,0,0,0,0,0
2016-02,0,0,0,0,0,0
2016-03,0,0,0,0,0,0
2016-04,0,0,0,0,0,0
2016-05,0,0,0,0,0,0
2016-06,0,0,0,0,0,0
2016-07,0,0,0,0,0,0
2016-08,0,0,0,0,0,0
2016-09,0,0,0,0,0,0
2016-10,0,0,0,0,0,0
